"","ditch","block_mean","temp3_C_mean","moist_percent_mean","pH_mean","c_percent_mean","n_percent_mean","C_N_mean","n_nh4_ug_gsoil_mean","p_po4_hcl_ug_gsoil_mean","p.po4_w_ug_gsoil_mean","percent_om_mean","n_no3_ug_gsoil_mean","N_P_mean","block_sd","temp3_C_sd","moist_percent_sd","pH_sd","c_percent_sd","n_percent_sd","C_N_sd","n_nh4_ug_gsoil_sd","p_po4_hcl_ug_gsoil_sd","p.po4_w_ug_gsoil_sd","percent_om_sd","n_no3_ug_gsoil_sd","N_P_sd"
"1",0,5,13.5,35.5,3.9725,4.77375,0.24625,19.3954625,0.28075,211.6136,1.5527,0.122906716125,0.216314285714286,0.693989965721866,2.39045721866879,1.0690449676497,1.50996688705415,0.231254343588551,0.761951207661713,0.0381491434092188,1.15572599809755,0.207863382331486,94.9614619973357,1.81842332647976,0.0175544690220345,0.224628110652336,0.716743250116856
"2",1,4,12.4375,29.65,4.14,3.96125,0.22625,17.3867625,0.2811875,198.3812125,0.530975,NA,0.0759,-180.462557742493,2.39045721866879,1.54544260881563,4.29817236907569,0.103923048454133,1.20115941014148,0.062777953363991,0.87142648560933,0.0986582620897582,102.411008751981,0.61412857367167,NA,NA,511.0917126038
