"","treatment","ditch","block_mean","temp3_C_mean","moist_percent_mean","pH_mean","c_percent_mean","n_percent_mean","C_N_mean","n_nh4_ug_gsoil_mean","p_po4_hcl_ug_gsoil_mean","p.po4_w_ug_gsoil_mean","percent_om_mean","n_no3_ug_gsoil_mean","N_P_mean","block_sd","temp3_C_sd","moist_percent_sd","pH_sd","c_percent_sd","n_percent_sd","C_N_sd","n_nh4_ug_gsoil_sd","p_po4_hcl_ug_gsoil_sd","p.po4_w_ug_gsoil_sd","percent_om_sd","n_no3_ug_gsoil_sd","N_P_sd"
"1","M",0,5,13.5,34.375,3.885,4.4375,0.225,19.701125,0.2607,123.855075,0.1918,0.1143543205,0.13585,1.27861085902682,2.58198889747161,1.29099444873581,0.805708797684787,0.239791576165636,0.514352343567455,0.0191485421551268,1.30457722238535,0.257791375599211,11.8616874469515,0.162518450234632,0.0149106856072944,0.110921308442818,0.533075105207103
"2","M",1,4,11.875,28.6,4.095,3.6725,0.21,17.34445,0.29765,123.2291,0.0259,NA,0.0759,-361.221009180753,2.58198889747161,1.65201896679992,5.03322295684717,0.126622799421484,1.26423560567905,0.0648074069840786,0.763200700995485,0.0990168167535192,31.4567481183291,0.0652900707101266,NA,NA,722.752645470542
"3","MF",0,5,13.5,36.625,4.06,5.11,0.2675,19.0898,0.3008,299.372125,2.9136,0.13145911175,0.3236,0.10936907241691,2.58198889747161,1,1.13834675443528,0.216487105081727,0.888031530971733,0.0427200187265877,1.07961665727547,0.182450997987588,19.0541883762031,1.65841455814482,0.0173683838748083,0.320474211130943,0.0556365935703885
"4","MF",1,4,13,30.7,4.185,4.25,0.2425,17.429075,0.264725,273.533325,1.03605,NA,NA,0.295893695767266,2.58198889747161,1.4142135623731,3.85140666943045,0.061373175465073,1.24332886505006,0.0655108133567785,1.08841476890323,0.11038276963971,91.7692793240154,0.442147377390541,NA,NA,0.1517795937835
