"","treatment","block_mean","temp3_C_mean","moist_percent_mean","pH_mean","c_percent_mean","n_percent_mean","C_N_mean","n_nh4_ug_gsoil_mean","p_po4_hcl_ug_gsoil_mean","p.po4_w_ug_gsoil_mean","percent_om_mean","n_no3_ug_gsoil_mean","N_P_mean","block_sd","temp3_C_sd","moist_percent_sd","pH_sd","c_percent_sd","n_percent_sd","C_N_sd","n_nh4_ug_gsoil_sd","p_po4_hcl_ug_gsoil_sd","p.po4_w_ug_gsoil_sd","percent_om_sd","n_no3_ug_gsoil_sd","N_P_sd"
"1","M",4.5,12.6875,31.4875,3.99,4.055,0.2175,18.5227875,0.279175,123.5420875,0.10885,0.1143543205,0.12386,-179.971199160863,2.44948974278318,1.62431304160955,4.54577904685843,0.210034010851304,0.982634941660141,0.0449602999481606,1.6018304363959,0.181860533297988,22.0112425274279,0.144948631294972,0.0149106856072944,0.0997319056270359,511.29065834404
"2","MF",4.5,13.25,33.6625,4.1225,4.68,0.255,18.2594375,0.2827625,286.452725,1.974825,0.13145911175,0.3236,0.202631384092088,2.44948974278318,1.16496474502144,4.11614851182857,0.161753781143705,1.1008178777618,0.0529150262212918,1.33986521490303,0.14092600832149,62.8936464402463,1.50655176076268,0.0173683838748083,0.320474211130943,0.145396156920909
